"id","pid","path","alt"
1,1,,
2,2,"http://www.dsprototyping.com/forsale/laptop-powersupply.jpg",
3,3,"http://www.dsprototyping.com/forsale/item-07.jpg",
4,4,"http://www.dsprototyping.com/forsale/power-curber-06.jpg",
5,5,"http://www.dsprototyping.com/forsale/laptopkeyboards.jpg",
6,6,"http://www.dsprototyping.com/forsale/laptop-powersupplys.jpg",
7,7,"http://www.akroncdnr.com/ph/users/a4s8b7/sync-motors.jpg",
8,8,"http://www.dsprototyping.com/forsale/Basic_programing_book.jpg",
9,9,"http://www.dsprototyping.com/forsale/item-08.jpg",
10,10,"http://www.dsprototyping.com/forsale/item-09.jpg",
11,11,"http://www.dsprototyping.com/forsale/item-10.jpg",
12,12,"http://www.dsprototyping.com/forsale/item-11.jpg",
13,13,"http://www.dsprototyping.com/forsale/item-12.jpg",
14,14,"http://www.dsprototyping.com/forsale/item-13.jpg",
15,15,"http://dsprototyping.com/forsale/item-14.jpg",
16,16,"http://dsprototyping.com/forsale/eztesterII_2.jpg",
17,17,,
18,18,,
19,19,,
20,20,"http://www.dsprototyping.com/forsale/item-07.jpg",
21,21,"http://www.dsprototyping.com/forsale/power-curber-06.jpg",
22,22,"http://www.dsprototyping.com/forsale/laptopkeyboards.jpg",
23,23,"http://www.dsprototyping.com/forsale/laptop-powersupplys.jpg",
24,24,"http://www.akroncdnr.com/ph/users/a4s8b7/sync-motors.jpg",
25,25,"http://www.dsprototyping.com/forsale/Basic_programing_book.jpg",
26,26,"http://www.dsprototyping.com/forsale/item-08.jpg",
27,27,"http://www.dsprototyping.com/forsale/item-09.jpg",
28,28,"http://www.dsprototyping.com/forsale/item-10.jpg",
29,29,"http://www.dsprototyping.com/forsale/item-11.jpg",
30,30,"http://www.dsprototyping.com/forsale/item-12.jpg",
31,31,"http://www.dsprototyping.com/forsale/item-13.jpg",
32,32,"http://dsprototyping.com/forsale/item-14.jpg",
33,33,"http://dsprototyping.com/forsale/eztesterII_2.jpg",
